№;spatialUnitID;spatial_unit_type_code;has_cad_number;number_of_cad_number;cad_number;cad_number_raw;geom_geometry;latitude;longitude;geocode_accuracy_code;geom_source;country_code;region_name;region_code;region_code_2;raion_name;raion_code;hromada_name;hromada_code;settlement_type;settlement_name;settlement_code;city_district_name;city_district_code;street_type;street_name;street_code;building_number;building_corpus;building_part;land_plot_number;address_object_type;garden_society_name;location_descriptio;area_m2;purpose_code_kvcpz;purpose_text_raw;purpose_group_code;purpose_group_name;purpose_group_source;electricity_access;electricity_power_kw;gas_access;water_supply_access;sewerage_access;road_access;slope_class;wetness;view_quality;has_building
1;82778080170;single;TRUE;1;8000000000:90:975:0004;;"SRID=4326;POINT(30.607879 50.356444)";50.356444;30.607879;rooftop;manual;UA;м. Київ;UA80000000000093317;;;;;місто;Київ;UA80000000000093317;Дарницький;UA80000000000210193;вулиця;Східна;;4;;;;building;Лісове;;585;;;5;Для індивідуального садівництва;manual;central;;by_street;borehole;none;paved;flat;dry;none;yes;TRUE
2;84361615250;single;TRUE;1;8000000000:66:556:0016;;"SRID=4326;POINT(30.580740 50.478476)";50.478476;30.580740;rooftop;manual;UA;м. Київ;UA80000000000093317;;;;;місто;Київ;UA80000000000093317;Дніпровський;UA80000000000479391;вулиця;19-та Садова;;71;;;;land_plot;Хімік;;367;;;5;Для індивідуального садівництва;manual;by street;;by_street;none;none;unpaved;flat;dry;none;no;FALSE
3;19287105240;single;TRUE;1;8000000000:75:168:0020;;"SRID=4326;POINT(30.326652 50.450971)";50.450971;30.326652;rooftop;manual;UA;м. Київ;UA80000000000093317;;;;;місто;Київ;UA80000000000093317;Святошинський;UA80000000000875983;вулиця;Михайла Чалого;;25;;;;land_plot;;;1000;;;5;Для будівництва і обслуговування житлового будинку, господарських будівель і споруд (присадибна ділянка);manual;by street;;by_street;central;central;paved;flat;dry;none;no;FALSE
4;56581911720;single;TRUE;1;8000000000:82:248:0121;;"SRID=4326;POINT(30.537137 50.411333)";50.411333;30.537137;rooftop;manual;UA;м. Київ;UA80000000000093317;;;;;місто;Київ;UA80000000000093317;Печерський;;вулиця;Товарна;;14;;;;building;;;1000;;;5;Для будівництва і обслуговування житлового будинку, господарських будівель і споруд (присадибна ділянка);manual;central;;by_street;central;central;paved;gentle;dry;none;yes;TRUE
5;19945083410;single;TRUE;1;8000000000:62:146:0091;;"SRID=4326;POINT(30.589185 50.530985)";50.530985;30.589185;rooftop;manual;UA;м. Київ;UA80000000000093317;;;;;місто;Київ;UA80000000000093317;Деснянський;UA80000000000336424;провулок;Ватутінський;;4;;;;land_plot;;;827;;;5;Для будівництва і обслуговування житлового будинку, господарських будівель і споруд (присадибна ділянка);manual;by street;;none;none;none;unpaved;flat;dry;none;no;FALSE
6;33026683430;single;TRUE;1;8000000000:62:177:0010;;"SRID=4326;POINT(30.585273 50.521962)";50.521962;30.585273;rooftop;manual;UA;м. Київ;UA80000000000093317;;;;;місто;Київ;UA80000000000093317;Деснянський;UA80000000000336424;вулиця;Леніна;;43;;;;land_plot;;урочище Толока;1000;;;5;Для індивідуального садівництва;manual;by street;;by_street;none;none;paved;flat;dry;none;no;FALSE
7;17422628530;single;TRUE;1;8000000000:91:147:0003;;"SRID=4326;POINT(30.483275 50.458393)";50.458393;30.483275;rooftop;manual;UA;м. Київ;UA80000000000093317;;;;;місто;Київ;UA80000000000093317;Шевченківський;UA80000000001078669;вулиця;Миколи Кравченка;;14;;;;building;;;1024;;;5;Для будівництва і обслуговування житлового будинку, господарських будівель і споруд (присадибна ділянка);manual;by street;;central;central;central;paved;flat;dry;none;yes;TRUE
8;36677859450;single;TRUE;1;8000000000:62:170:0006;;"SRID=4326;POINT(30.584833 50.523961)";50.523961;30.584833;rooftop;manual;UA;м. Київ;UA80000000000093317;;;;;місто;Київ;UA80000000000093317;Деснянський;UA80000000000336424;вулиця;Справедливості;;1;;;;land_plot;;урочище Толока;1200;;;5;Для індивідуального садівництва;manual;by street;;by_street;none;none;unpaved;flat;dry;none;no;FALSE
9;65292809080;single;TRUE;1;3222485901:01:025:5087;;"SRID=4326;POINT(30.340594 50.442179)";50.442179;30.340594;rooftop;manual;UA;Київська область;UA32000000000030281;Києво-Святошинський;UA32000000000030281;;;село;Петропавлівська Борщагівка;UA32080050010035667;;;вулиця;Кооперативна;;68;;;;building;;;1299;;;5;Для будівництва і обслуговування житлового будинку, господарських будівель і споруд (присадибна ділянка);manual;central;;none;none;none;unpaved;flat;dry;none;yes;TRUE
10;99688356300;group;TRUE;4;;8000000000:79:448:0055, 8000000000:79:448:0056, 8000000000:79:448:0058, 8000000000:79:448:0057;"SRID=4326;POINT(30.527165 50.380993)";50.380993;30.527165;rooftop;manual;UA;м. Київ;UA80000000000093317;;;;;місто;Київ;UA80000000000093317;Голосіївський;UA80000000000126643;вулиця;Армійська, 7 (-,а,б,в);;;;;;building;;;3632;;;5;Для будівництва і обслуговування житлового будинку, господарських будівель і споруд (присадибна ділянка);manual;central;;by_street;none;none;paved;flat;dry;none;yes;TRUE
11;17381871750;single;TRUE;1;8000000000:78:423:0013;;"SRID=4326;POINT(30.49254 50.547279)";50.547279;30.49254;rooftop;manual;UA;м. Київ;UA80000000000093317;;;;;місто;Київ;UA80000000000093317;Оболонський;UA80000000000551439 ;вулиця;Перша;;21;;;;land_plot;Чорнобилець-2001;;1000;;;5;Для індивідуального садівництва;manual;by street;;by_street;by street;by street;paved;flat;dry;none;no;FALSE
12;5094648050;single;TRUE;1;8000000000:72:488:0577;;"SRID=4326;POINT(30.467585 50.404505)";50.404505;30.467585;rooftop;manual;UA;м. Київ;UA80000000000093317;;;;;місто;Київ;UA80000000000093317;Солом'янський;UA80000000000980793;вулиця;Медова;;177;;;;building;Фронтовик;;600;;;5;Для колективного садівництва;manual;central;;none;none;none;restriction;flat;dry;none;yes;TRUE
13;17133289200;single;TRUE;1;8000000000:79:256:0001;;"SRID=4326;POINT(30.52319 50.397437)";50.397437;30.52319;rooftop;manual;UA;м. Київ;UA80000000000093317;;;;;місто;Київ;UA80000000000093317;Голосіївський;UA80000000000126643;вулиця;Цимбалів Яр;;20/19;;;;building;;;1000;;;5;Для будівництва і обслуговування житлового будинку, господарських будівель і споруд (присадибна ділянка);manual;central;;central;central;central;paved;flat;dry;none;yes;TRUE
14;38382525340;single;TRUE;1;8000000000:72:528:0049;;"SRID=4326;POINT(30.453902 50.385057)";50.385057;30.453902;rooftop;manual;UA;м. Київ;UA80000000000093317;;;;;місто;Київ;UA80000000000093317;Солом'янський;UA80000000000980793;вулиця;Московська;;40;;;;building;;;1900;;;5;Для будівництва і обслуговування житлового будинку, господарських будівель і споруд (присадибна ділянка);manual;central;;central;central;central;paved;flat;dry;none;yes;TRUE
15;52167916730;single;TRUE;1;8000000000:75:103:0007;;"SRID=4326;POINT(30.338056 50.468794)";50.468794;30.338056;rooftop;manual;UA;м. Київ;UA80000000000093317;;;;;місто;Київ;UA80000000000093317;Святошинський;UA80000000000875983;вулиця;Маршака;;62;;;;building;;;1000;;;5;Для будівництва і обслуговування житлового будинку, господарських будівель і споруд (присадибна ділянка);manual;central;;none;borehole;septic;unpaved;flat;dry;none;yes;TRUE
16;23962490370;single;TRUE;1;8000000000:85:488:0021;;"SRID=4326;POINT(30.437019 50.517059)";50.517059;30.437019;rooftop;manual;UA;м. Київ;UA80000000000093317;;;;;місто;Київ;UA80000000000093317;Подільський;UA80000000000719633;вулиця;Олександра Бестужева;;45;;;;land_plot;;;565;;;5;Для будівництва і обслуговування житлового будинку, господарських будівель і споруд (присадибна ділянка);manual;by street;;by street;by street;by street;paved;flat;dry;none;no;FALSE
17;95639659780;single;TRUE;1;8000000000:75:752:0033;;"SRID=4326;POINT(30.389858 50.480451)";50.480451;30.389858;rooftop;manual;UA;м. Київ;UA80000000000093317;;;;;місто;Київ;UA80000000000093317;Святошинський;UA80000000000875983;вулиця;Садова 4;;53;;;;building;Нивки;;502;;;5;Для колективного садівництва;manual;central;;by street;none;none;unpaved;flat;dry;none;yes;TRUE
18;39992974550;single;TRUE;1;8000000000:90:121:0204;;"SRID=4326;POINT(30.547564 50.344049)";50.344049;30.547564;rooftop;manual;UA;м. Київ;UA80000000000093317;;;;;місто;Київ;UA80000000000093317;Голосіївський;UA80000000000126643;;;;;;;;land_plot;;перетин вул. Академіка Заболотного та Столичного шосе;13539;;;9;Для будівництва та обслуговування будівель торгівлі;manual;by street;;by street;by street;by street;paved;flat;dry;none;no;FALSE
19;11380612920;single;TRUE;1;8000000000:79:132:0071;;"SRID=4326;POINT(30.493771 50.40738)";50.40738;30.493771;rooftop;manual;UA;м. Київ;UA80000000000093317;;;;;місто;Київ;UA80000000000093317;Голосіївський;UA80000000000126643;вулиця;Пролетарська,;;23-г;;;;land_plot;;;1000;;;5;Для будівництва і обслуговування житлового будинку, господарських будівель і споруд (присадибна ділянка);manual;by street;;by street;by street;by street;paved;flat;dry;none;no;FALSE
20;58767767510;single;TRUE;1;8000000000:90:600:0004;;"SRID=4326;POINT(30.594638 50.356773)";50.356773;30.594638;rooftop;manual;UA;м. Київ;UA80000000000093317;;;;;місто;Київ;UA80000000000093317;Дарницький;UA80000000000210193;вулиця;Садова 115;;4;;;;building;Прибрежний;;425;;;5;Для індивідуального садівництва;manual;central;;none;none;none;unpaved;flat;near_water;water_view;yes;TRUE
21;30222736230;single;TRUE;1;8000000000:72:261:0026;;"SRID=4326;POINT(30.46864 50.404179)";50.404179;30.46864;rooftop;manual;UA;м. Київ;UA80000000000093317;;;;;місто;Київ;UA80000000000093317;Солом'янський;UA80000000000980793;вулиця;Медова, 232;;232;;;;land_plot;Фронтовик;;400;;;5;Для колективного садівництва;manual;by street;;none;none;none;unpaved;flat;dry;none;no;FALSE
22;17121743620;single;TRUE;1;8000000000:62:202:0202;;"SRID=4326;POINT(30.568048 50.524492)";50.524492;30.568048;rooftop;manual;UA;м. Київ;UA80000000000093317;;;;;місто;Київ;UA80000000000093317;Деснянський;UA80000000000336424;вулиця;Моложанська;;27;;;;land_plot;;;1000;;;5;Для будівництва і обслуговування житлового будинку, господарських будівель і споруд (присадибна ділянка);manual;none;;none;none;none;restriction;flat;near_water;water_view;no;FALSE
23;91899718940;single;TRUE;1;8000000000:66:584:0019;;"SRID=4326;POINT(30.584208 50.473028)";50.473028;30.584208;rooftop;manual;UA;м. Київ;UA80000000000093317;;;;;місто;Київ;UA80000000000093317;Дніпровський;UA80000000000479391;вулиця;10 Садова;;90;;;;building;Деревообробник;;582;;;5;Для індивідуального садівництва;manual;central;;by_street;borehole;none;unpaved;flat;dry;none;yes;TRUE
24;7047055190;single;TRUE;1;8000000000:79:301:0034;;"SRID=4326;POINT(30.499852 50.388491)";50.388491;30.499852;rooftop;manual;UA;м. Київ;UA80000000000093317;;;;;місто;Київ;UA80000000000093317;Голосіївський;UA80000000000126643;проспект;40-річчя Жовтня;;87;В;;;building;;;3128;;;9;Для будівництва та обслуговування адміністративних будинків, офісних будівель компаній, які займаються підприємницькою діяльністю, пов'язаною з отриманням прибутку;manual;central;;by_street;central;central;paved;flat;dry;open_field;yes;TRUE
25;9156930940;group;TRUE;2;;8000000000:82:445:0157, 8000000000:82:445:0151;"SRID=4326;POINT(30.536274 50.396154)";50.396154;30.536274;rooftop;manual;UA;м. Київ;UA80000000000093317;;;;;місто;Київ;UA80000000000093317;Голосіївський;UA80000000000126643;вулиця;Єнісейська, 8 (-,а);;;;;;land_plot;;;2000;;;5;Для будівництва і обслуговування житлового будинку, господарських будівель і споруд (присадибна ділянка);manual;by street;;by_street;by street;by street;paved;flat;dry;none;no;FALSE
26;67061964050;single;TRUE;1;3222486200:04:001:5548;;"SRID=4326;POINT(30.421797 50.387818)";50.387818;30.421797;rooftop;manual;UA;Київська область;UA32000000000030281;Києво-Святошинський;UA32000000000030281;;;село;Софіївська Борщагівка;UA32080050020065009;;;;;;;;;;land_plot;;;4675;;;15;Для розміщення та експлуатації основних, підсобних і допоміжних будівель та споруд підприємств переробної, машинобудівної та іншої промисловості;manual;central;;none;none;none;paved;flat;dry;none;no;FALSE
27;85148168920;group;TRUE;2;;8000000000:79:094:0167, 8000000000:79:094:0166;"SRID=4326;POINT(30.519844 50.374365)";50.374365;30.519844;rooftop;manual;UA;м. Київ;UA80000000000093317;;;;;місто;Київ;UA80000000000093317;Голосіївський;UA80000000000126643;вулиця;Закарпатська;;26-б;;;;land_plot;;;1800;;;5;Для будівництва і обслуговування житлового будинку, господарських будівель і споруд (присадибна ділянка);manual;none;;none;none;none;unpaved;steep;dry;panoramic;no;FALSE
28;94333841980;single;TRUE;1;8000000000:79:118:0250;;"SRID=4326;POINT(30.52421 50.372887)";50.372887;30.52421;rooftop;manual;UA;м. Київ;UA80000000000093317;;;;;місто;Київ;UA80000000000093317;Голосіївський;UA80000000000126643;вулиця;Парникова;;3-б;;;;land_plot;;;998;;;5;Для будівництва і обслуговування житлового будинку, господарських будівель і споруд (присадибна ділянка);manual;central;;by_street;by street;by street;unpaved;steep;dry;panoramic;yes;TRUE
29;68003063580;group;TRUE;3;;8000000000:79:142:0192, 8000000000:79:142:0191, 8000000000:79:142:XXXX;"SRID=4326;POINT(30.510951 50.404757)";50.404757;30.510951;rooftop;manual;UA;м. Київ;UA80000000000093317;;;;;місто;Київ;UA80000000000093317;Голосіївський;UA80000000000126643;вулиця;Деміївська, 12-(а,б);;;;;;land_plot;;;2500;;;5;Для будівництва і обслуговування житлового будинку, господарських будівель і споруд (присадибна ділянка);manual;by street;;by_street;by street;by street;paved;flat;dry;none;no;FALSE
30;62134981090;single;TRUE;1;8000000000:82:445:0147;;"SRID=4326;POINT(30.535884 50.396334)";50.396334;30.535884;rooftop;manual;UA;м. Київ;UA80000000000093317;;;;;місто;Київ;UA80000000000093317;Голосіївський;UA80000000000126643;вулиця;Столєтова;;14-а;;;;building;;;1000;;;5;Для будівництва і обслуговування житлового будинку, господарських будівель і споруд (присадибна ділянка);manual;central;;on_parcel;central;central;paved;flat;dry;none;yes;TRUE
31;94836400;single;TRUE;1;8000000000:79:483:0028;;"SRID=4326;POINT(30.442593 50.366341)";50.366341;30.442593;rooftop;manual;UA;м. Київ;UA80000000000093317;;;;;місто;Київ;UA80000000000093317;Голосіївський;UA80000000000126643;вулиця;Жулянська;;7-а;;;;land_plot;;;2926;;;9;Для будівництва та обслуговування будівель торгівлі;manual;by street;;by_street;by street;by street;paved;flat;dry;none;no;FALSE
32;46566871120;single;TRUE;1;8000000000:79:034:0009;;"SRID=4326;POINT(30.512649 50.421856)";50.421856;30.512649;rooftop;manual;UA;м. Київ;UA80000000000093317;;;;;місто;Київ;UA80000000000093317;Голосіївський;UA80000000000126643;вулиця;Ямська;;54;;;;building;;;965;;;5;Для будівництва і обслуговування житлового будинку, господарських будівель і споруд (присадибна ділянка);manual;central;;central;central;central;paved;flat;dry;none;yes;TRUE
33;3350862410;single;TRUE;1;8000000000:79:168:0137;;"SRID=4326;POINT(30.530929 50.373002)";50.373002;30.530929;rooftop;manual;UA;м. Київ;UA80000000000093317;;;;;місто;Київ;UA80000000000093317;Голосіївський;UA80000000000126643;вулиця;Академіка Кащенка;;137;;;;land_plot;Мічурінець;;973;;;5;Для індивідуального садівництва;manual;central;;none;none;none;unpaved;gentle;dry;none;no;FALSE
34;2614903410;group;TRUE;2;;8000000000:90:039:0030, 8000000000:90:039:0075;"SRID=4326;POINT(30.549084 50.331555)";50.331555;30.549084;rooftop;manual;UA;м. Київ;UA80000000000093317;;;;;місто;Київ;UA80000000000093317;Голосіївський;UA80000000000126643;вулиця;вул. Бродівська, 149-а, 143 б;;;;;;land_plot;;;1348;;;5;Для будівництва і обслуговування житлового будинку, господарських будівель і споруд (присадибна ділянка);manual;by street;;none;none;none;unpaved;flat;dry;none;no;FALSE
35;11458936260;group;TRUE;2;;8000000000:72:173:0023, 8000000000:72:173:0003;"SRID=4326;POINT(30.477309 50.417317)";50.417317;30.477309;rooftop;manual;UA;м. Київ;UA80000000000093317;;;;;місто;Київ;UA80000000000093317;Солом'янський;UA80000000000980793;проспект;Лобановського Валерія;;62;;;;building;;;1281;;;5;Для індивідуального садівництва;manual;central;;by_street;by street;by street;paved;flat;dry;none;yes;TRUE
36;19503893420;single;TRUE;1;8000000000:82:415:0147;;"SRID=4326;POINT(30.536908 50.395366)";50.395366;30.536908;rooftop;manual;UA;м. Київ;UA80000000000093317;;;;;місто;Київ;UA80000000000093317;Голосіївський;UA80000000000126643;вулиця;Байкальська;;33;;;;land_plot;;;1000;;;5;Для будівництва і обслуговування житлового будинку, господарських будівель і споруд (присадибна ділянка);manual;by street;;by_street;by street;by street;paved;flat;dry;none;no;FALSE
37;41114335720;single;TRUE;1;8000000000:90:056:0049;;"SRID=4326;POINT(30.546765 50.32935)";50.32935;30.546765;rooftop;manual;UA;м. Київ;UA80000000000093317;;;;;місто;Київ;UA80000000000093317;Голосіївський;UA80000000000126643;вулиця;Бродівська;;86;;;;building;;;900;;;5;Для будівництва і обслуговування житлового будинку, господарських будівель і споруд (присадибна ділянка);manual;central;;central;borehole;unknown;unpaved;flat;dry;none;yes;TRUE
38;67525702300;single;TRUE;1;8000000000:72:501:0174;;"SRID=4326;POINT(30.452345 50.39916)";50.39916;30.452345;rooftop;manual;UA;м. Київ;UA80000000000093317;;;;;місто;Київ;UA80000000000093317;Голосіївський;UA80000000000126643;вулиця;Трояндова;;53;;;;land_plot;;;576;;;5;Для індивідуального садівництва;manual;by street;;none;none;none;unpaved;flat;dry;none;no;FALSE
39;10917815100;single;TRUE;1;8000000000:82:414:0201;;"SRID=4326;POINT(30.541528 50.37364)";50.37364;30.541528;rooftop;manual;UA;м. Київ;UA80000000000093317;;;;;місто;Київ;UA80000000000093317;Голосіївський;UA80000000000126643;проспект; Науки;;143;;;;building;;;1900;;;5;Для будівництва і обслуговування житлового будинку, господарських будівель і споруд (присадибна ділянка);manual;central;;by_street;central;by street;paved;gentle;dry;none;yes;TRUE
40;10126903830;group;TRUE;2;;"8000000000:82:445:0098, 8000000000:82:445:0157
";"SRID=4326;POINT(30.535631 50.395877)";50.395877;30.535631;rooftop;manual;UA;м. Київ;UA80000000000093317;;;;;місто;Київ;UA80000000000093317;Голосіївський;UA80000000000126643;вулиця;Єнісейська;;8-а;;;;land_plot;;;2000;;;5;Для будівництва і обслуговування житлового будинку, господарських будівель і споруд (присадибна ділянка);manual;by street;;by_street;by street;by street;paved;gentle;dry;none;no;FALSE
41;64106514240;group;TRUE;2;;"8000000000:79:217:0067, 8000000000:79:217:0112

";"SRID=4326;POINT(30.491035 50.40277)";50.40277;30.491035;rooftop;manual;UA;м. Київ;UA80000000000093317;;;;;місто;Київ;UA80000000000093317;Голосіївський;UA80000000000126643;провулок;Краматорський;;4-а;;;;building;;;2000;;;5;Для будівництва і обслуговування житлового будинку, господарських будівель і споруд (присадибна ділянка);manual;central;;central;central;central;paved;gentle;dry;panoramic;yes;TRUE
42;97181956660;single;TRUE;1;8000000000:79:241:0063;;"SRID=4326;POINT(30.524174 50.401459)";50.401459;30.524174;rooftop;manual;UA;м. Київ;UA80000000000093317;;;;;місто;Київ;UA80000000000093317;Голосіївський;UA80000000000126643;вулиця;Ковельська;;3;;;;building;;;499;;;5;Для будівництва і обслуговування житлового будинку, господарських будівель і споруд (присадибна ділянка);manual;central;;central;central;none;unpaved;flat;dry;none;yes;TRUE
43;71841332160;single;TRUE;1;8000000000:90:031:0102;;"SRID=4326;POINT(30.687816 50.352131)";50.352131;30.687816;rooftop;manual;UA;м. Київ;UA80000000000093317;;;;;місто;Київ;UA80000000000093317;Дарницький;UA80000000000210193;вулиця;Крилова;;97;;;;land_plot;;;500;;;5;Для будівництва і обслуговування житлового будинку, господарських будівель і споруд (присадибна ділянка);manual;by street;;none;none;none;unpaved;flat;dry;none;no;FALSE
44;98505942010;single;TRUE;1;8000000000:90:514:0010;;"SRID=4326;POINT(30.599516 50.373317)";50.373317;30.599516;rooftop;manual;UA;м. Київ;UA80000000000093317;;;;;місто;Київ;UA80000000000093317;Дарницький;UA80000000000210193;вулиця;Садова 154;;3;;;;building;Острівок;;864;;;5;Для індивідуального садівництва;manual;central;;none;borehole;none;unpaved;flat;near_water;none;yes;TRUE
45;24964801020;single;TRUE;1;3220882600:04:007:1408;;"SRID=4326;POINT(30.621816 50.35138)";50.35138;30.621816;rooftop;manual;UA;м. Київ;UA80000000000093317;;;;;місто;Київ;UA80000000000093317;Дарницький;UA80000000000210193;;;;;;;;land_plot;Злагода;;1193;;;5;Для індивідуального садівництва;manual;by street;;none;none;none;unpaved;flat;near_water;none;no;FALSE
46;77544027230;single;TRUE;1;8000000000:90:519:0025;;"SRID=4326;POINT(30.603626 50.371692)";50.371692;30.603626;rooftop;manual;UA;м. Київ;UA80000000000093317;;;;;місто;Київ;UA80000000000093317;Дарницький;UA80000000000210193;вулиця;Садова 156;;39;;;;building;Райдуга;;448;;;5;Для індивідуального садівництва;manual;central;;none;borehole;none;unpaved;flat;dry;none;yes;TRUE
47;64220453970;single;TRUE;1;8000000000:66:143:0021;;"SRID=4326;POINT(30.654942 50.440743)";50.440743;30.654942;rooftop;manual;UA;м. Київ;UA80000000000093317;;;;;місто;Київ;UA80000000000093317;Дніпровський;UA80000000000479391;вулиця;Новаторів;;40/1;;;;building;;;300;;;5;Для будівництва і обслуговування житлового будинку, господарських будівель і споруд (присадибна ділянка);manual;by street;;none;by street;by street;unpaved;flat;dry;none;yes;TRUE
48;91870389520;single;TRUE;1;8000000000:90:638:0004;;"SRID=4326;POINT(30.611167 50.350595)";50.350595;30.611167;rooftop;manual;UA;м. Київ;UA80000000000093317;;;;;місто;Київ;UA80000000000093317;Дарницький;UA80000000000210193;вулиця;Озерна;;2;24;;;building;Озерне;;527;;;5;Для індивідуального садівництва;manual;central;;none;borehole;none;unpaved;flat;near_water;none;yes;TRUE
49;98112473310;single;TRUE;1;8000000000:90:687:0099;;"SRID=4326;POINT(30.597297 50.380988)";50.380988;30.597297;rooftop;manual;UA;м. Київ;UA80000000000093317;;;;;місто;Київ;UA80000000000093317;Дарницький;UA80000000000210193;вулиця;Маслівка;;30-а;А;;;building;;;1000;;;5;Для будівництва і обслуговування житлового будинку, господарських будівель і споруд (присадибна ділянка);manual;central;;none;borehole;none;unpaved;flat;near_water;none;yes;TRUE
50;89352610850;single;TRUE;1;8000000000:90:680:0351;;"SRID=4326;POINT(30.592599 50.384155)";50.384155;30.592599;rooftop;manual;UA;м. Київ;UA80000000000093317;;;;;місто;Київ;UA80000000000093317;Дарницький;UA80000000000210193;вулиця;49-та Садова;;6;;;;building;Дніпро-1;;546,36;;;5;Для індивідуального садівництва;manual;central;;none;borehole;none;unpaved;flat;near_water;none;yes;TRUE
51;88971645920;single;TRUE;1;3220882600:03:004:0171;;"SRID=4326;POINT(30.721669 50.377576)";50.377576;30.721669;rooftop;manual;UA;Київська область;UA32000000000030281;Бориспільський;UA32040000000054694;Гнідинська;UA32040090010032835;сільська рада;;;;;;;;;;;;land_plot;;;1200;;;5;Для індивідуального садівництва;manual;central;;none;none;none;paved;flat;dry;none;no;FALSE
52;52456688440;single;TRUE;1;8000000000:66:457:0073;;"SRID=4326;POINT(30.682224 50.457191)";50.457191;30.682224;rooftop;manual;UA;м. Київ;UA80000000000093317;;;;;місто;Київ;UA80000000000093317;Дніпровський;UA80000000000479391;вулиця;Літинська;;10;;;;land_plot;;;1000;;;5;Для будівництва і обслуговування житлового будинку, господарських будівель і споруд (присадибна ділянка);manual;by street;;none;none;none;paved;flat;dry;none;no;FALSE
53;3149392830;single;TRUE;1;8000000000:90:030:0072;;"SRID=4326;POINT(30.690147 50.35318)";50.35318;30.690147;rooftop;manual;UA;м. Київ;UA80000000000093317;;;;;місто;Київ;UA80000000000093317;Дарницький;UA80000000000210193;провулок;2-ий Гоголя;;8;;;;land_plot;;;937;;;5;Для будівництва і обслуговування житлового будинку, господарських будівель і споруд (присадибна ділянка);manual;central;;none;none;none;unpaved;flat;dry;none;no;FALSE
54;67721286070;single;TRUE;1;8000000000:90:803:0036;;"SRID=4326;POINT(30.598272 50.387492)";50.387492;30.598272;rooftop;manual;UA;м. Київ;UA80000000000093317;;;;;місто;Київ;UA80000000000093317;Дарницький;UA80000000000210193;вулиця;Малоземельна;;27-б;;;;building;;;1000;;;5;Для будівництва і обслуговування житлового будинку, господарських будівель і споруд (присадибна ділянка);manual;central;unknown;central;borehole;unknown;unpaved;flat;dry;none;yes;TRUE
55;29001732050;;FALSE;;-;;"SRID=4326;POINT(30.508166 50.45085)";50.45085;30.508166;rooftop;manual;UA;м. Київ;UA80000000000093317;;;;;місто;Київ;UA80000000000093317;Шевченківський;UA80000000001078669;вулиця;Ярославів Вал;;15-б;;;;land_plot;;;1500;;;12;Для іншого історико-культурного призначення;manual;by street;unknown;by_street;by street;by street;paved;flat;dry;none;no;FALSE
56;3232136280;single;TRUE;1;8000000000:91:075:0007;;"SRID=4326;POINT(30.480044 50.473902)";50.473902;30.480044;rooftop;manual;UA;м. Київ;UA80000000000093317;;;;;місто;Київ;UA80000000000093317;Шевченківський;UA80000000001078669;вулиця;Тропініна;;5-а;;;;building;;;1000;;;5;Для будівництва і обслуговування житлового будинку, господарських будівель і споруд (присадибна ділянка);manual;central;unknown;central;central;central;paved;flat;dry;none;yes;TRUE
57;73586862760;single;TRUE;1;8000000000:91:109:0056;;"SRID=4326;POINT(30.489095 50.473068)";50.473068;30.489095;rooftop;manual;UA;м. Київ;UA80000000000093317;;;;;місто;Київ;UA80000000000093317;Шевченківський;UA80000000001078669;вулиця;Отто Шмідта;;22/26;38;;;building;Кожевнік;;964;;;5;Для індивідуального садівництва;manual;central;unknown;none;none;none;unpaved;gentle;dry;none;yes;TRUE
58;31258069910;single;TRUE;1;8000000000:91:055:0014;;"SRID=4326;POINT(30.426639 50.467422)";50.467422;30.426639;rooftop;manual;UA;м. Київ;UA80000000000093317;;;;;місто;Київ;UA80000000000093317;Шевченківський;UA80000000001078669;вулиця;Кузьминська;;19;;;;building;;;649;;;5;Для будівництва і обслуговування житлового будинку, господарських будівель і споруд (присадибна ділянка);manual;central;unknown;none;central;central;paved;flat;dry;none;yes;TRUE
59;23159723790;single;TRUE;1;8000000000:91:050:0026;;"SRID=4326;POINT(30.429334 50.4694)";50.4694;30.429334;rooftop;manual;UA;м. Київ;UA80000000000093317;;;;;місто;Київ;UA80000000000093317;Шевченківський;UA80000000001078669;вулиця;Степана Руданського;;12;;;;building;;;1000;;;5;Для будівництва і обслуговування житлового будинку, господарських будівель і споруд (присадибна ділянка);manual;by street;unknown;by_street;by street;by street;paved;gentle;dry;none;yes;TRUE
60;71659273760;single;TRUE;1;8000000000:88:026:0039;;"SRID=4326;POINT(30.422714 50.468542)";50.468542;30.422714;rooftop;manual;UA;м. Київ;UA80000000000093317;;;;;місто;Київ;UA80000000000093317;Шевченківський;UA80000000001078669;вулиця;Сонячна;;3;;;;building;;;871;;;5;Для будівництва і обслуговування житлового будинку, господарських будівель і споруд (присадибна ділянка);manual;central;unknown;central;central;central;paved;flat;dry;none;yes;TRUE
61;58637835020;single;TRUE;1;8000000000:85:373:0007;;"SRID=4326;POINT(30.514899 50.461006)";50.461006;30.514899;rooftop;manual;UA;м. Київ;UA80000000000093317;;;;;місто;Київ;UA80000000000093317;Подільський;UA80000000000719633;вулиця;Фролівська;;09.Лис;;;;building;;;9800;;;9;Для будівництва та обслуговування адміністративних будинків, офісних будівель компаній, які займаються підприємницькою діяльністю, пов'язаною з отриманням прибутку;manual;central;unknown;by_street;central;central;paved;steep;dry;panoramic;yes;TRUE
62;36080013280;single;TRUE;1;8000000000:91:134:0021;;"SRID=4326;POINT(30.49793 50.461263)";50.461263;30.49793;rooftop;manual;UA;м. Київ;UA80000000000093317;;;;;місто;Київ;UA80000000000093317;Шевченківський;UA80000000001078669;вулиця;Кудрявська;;23;;;;building;;;2785;;;9;Для будівництва та обслуговування адміністративних будинків, офісних будівель компаній, які займаються підприємницькою діяльністю, пов'язаною з отриманням прибутку;manual;central;unknown;none;unknown;unknown;paved;flat;dry;panoramic;yes;TRUE
63;38383764880;group;TRUE;3;;"8000000000:85:312:0063, 8000000000:85:312:0071, 8000000000:85:312:0074
";"SRID=4326;POINT(30.504281 50.467759)";50.467759;30.504281;rooftop;manual;UA;м. Київ;UA80000000000093317;;;;;місто;Київ;UA80000000000093317;Подільський;UA80000000000719633;провулок;пров. Цимлянський, 14 (-,18,18а);;;;;;building;;;2145;;;5;Для будівництва і обслуговування житлового будинку, господарських будівель і споруд (присадибна ділянка);manual;central;unknown;central;central;central;paved;steep;dry;panoramic;yes;TRUE
64;50832999210;single;TRUE;1;8000000000:91:430:0032;;"SRID=4326;POINT(30.401248 50.486218)";50.486218;30.401248;rooftop;manual;UA;м. Київ;UA80000000000093317;;;;;місто;Київ;UA80000000000093317;Подільський;UA80000000000719633;вулиця;Огіркова;;;;;30;land_plot;Мукомол;;593;;;5;Для індивідуального садівництва;manual;by street;unknown;none;none;none;paved;flat;dry;none;no;FALSE
65;47656777490;single;TRUE;1;8000000000:85:227:0050;;"SRID=4326;POINT(30.432914 50.4947)";50.4947;30.432914;rooftop;manual;UA;м. Київ;UA80000000000093317;;;;;місто;Київ;UA80000000000093317;Подільський;UA80000000000719633;вулиця;Замковецька;;90-б;;;;land_plot;;;1000;;;5;Для будівництва і обслуговування житлового будинку, господарських будівель і споруд (присадибна ділянка);manual;central;unknown;by_street;central;central;paved;flat;dry;none;no;FALSE
66;71127467100;single;TRUE;1;8000000000:88:011:0667;;"SRID=4326;POINT(30.396344 50.484115)";50.484115;30.396344;rooftop;manual;UA;м. Київ;UA80000000000093317;;;;;місто;Київ;UA80000000000093317;Подільський;UA80000000000719633;вулиця;Сторожова;;;;;67;land_plot;Зелений куточок;;597;;;5;Для індивідуального садівництва;manual;by street;unknown;none;none;none;paved;flat;dry;none;no;FALSE
67;47308270300;single;TRUE;1;8000000000:91:437:0015;;"SRID=4326;POINT(30.405197 50.487782)";50.487782;30.405197;rooftop;manual;UA;м. Київ;UA80000000000093317;;;;;місто;Київ;UA80000000000093317;Подільський;UA80000000000719633;вулиця;Малинова;;30;;;30;land_plot;Містобудівник;;606;;;5;Для індивідуального садівництва;manual;central;unknown;by_street;borehole;by street;paved;flat;dry;none;no;FALSE
68;4931247590;single;TRUE;1;8000000000:91:179:0073;;"SRID=4326;POINT(30.41453 50.483895)";50.483895;30.41453;rooftop;manual;UA;м. Київ;UA80000000000093317;;;;;місто;Київ;UA80000000000093317;Подільський;UA80000000000719633;вулиця;Тираспольська;;68-б;;;12;land_plot;Тюльпап - 1;;515;;;5;Для індивідуального садівництва;manual;central;unknown;none;borehole;septic;unpaved;flat;dry;none;no;FALSE
69;5401720930;group;TRUE;3;;"8000000000:75:771:0006, 8000000000:75:771:0005, 8000000000:75:771:0004

";"SRID=4326;POINT(30.372871 50.493425)";50.493425;30.372871;rooftop;manual;UA;м. Київ;UA80000000000093317;;;;;місто;Київ;UA80000000000093317;Святошинський;UA80000000000875983;вулиця;вул. 25 Садова, діл. (4,5,6);;;;;;land_plot;Метробудівець-1;;1808;;;5;Для індивідуального садівництва;manual;central;unknown;none;none;none;paved;flat;dry;none;no;FALSE
70;49239264630;single;TRUE;1;8000000000:85:477:0021;;"SRID=4326;POINT(30.444763 50.489759)";50.489759;30.444763;rooftop;manual;UA;м. Київ;UA80000000000093317;;;;;місто;Київ;UA80000000000093317;Подільський;UA80000000000719633;вулиця;Сирецька;;84/1-а;;;;land_plot;;;794;;;5;Для будівництва і обслуговування житлового будинку, господарських будівель і споруд (присадибна ділянка);manual;central;unknown;none;none;none;paved;gentle;dry;none;no;FALSE
71;125368560;single;TRUE;1;8000000000:62:178:0005;;"SRID=4326;POINT(30.578118 50.522025)";50.522025;30.578118;rooftop;manual;UA;м. Київ;UA80000000000093317;;;;;місто;Київ;UA80000000000093317;Деснянський;UA80000000000336424;вулиця;Національної Гвардії;;31;;;;land_plot;;урочище Толока;600;;;5;Для індивідуального садівництва;manual;by street;unknown;none;none;none;unpaved;flat;dry;none;no;FALSE
72;68599666720;single;TRUE;1;8000000000:62:202:0156;;"SRID=4326;POINT(30.571178 50.522562)";50.522562;30.571178;rooftop;manual;UA;м. Київ;UA80000000000093317;;;;;місто;Київ;UA80000000000093317;Деснянський;UA80000000000336424;вулиця;Муромська;;14-а;;;;land_plot;;;738;;;5;Для будівництва і обслуговування житлового будинку, господарських будівель і споруд (присадибна ділянка);manual;none;unknown;none;none;none;unpaved;flat;dry;none;no;FALSE
73;47375522940;single;TRUE;1;8000000000:82:131:0017;;"SRID=4326;POINT(30.553212 50.407208)";50.407208;30.553212;rooftop;manual;UA;м. Київ;UA80000000000093317;;;;;місто;Київ;UA80000000000093317;Печерський;UA80000000000624772;вулиця;Правобережна;;18;;;;land_plot;;;1002;;;5;Для будівництва і обслуговування житлового будинку, господарських будівель і споруд (присадибна ділянка);manual;by street;unknown;by_street;by street;by street;paved;steep;dry;panoramic;no;FALSE
74;89005639790;single;TRUE;1;8000000000:90:682:0003;;"SRID=4326;POINT(30.592837 50.382193)";50.382193;30.592837;rooftop;manual;UA;м. Київ;UA80000000000093317;;;;;місто;Київ;UA80000000000093317;Дарницький;UA80000000000210193;;;;;;;;building;Дніпро-1;;906;;;5;Для індивідуального садівництва;manual;central;unknown;none;none;none;unpaved;flat;dry;none;yes;TRUE
75;22153381690;single;TRUE;1;8000000000:72:576:0003;;"SRID=4326;POINT(30.439265 50.386111)";50.386111;30.439265;rooftop;manual;UA;м. Київ;UA80000000000093317;;;;;місто;Київ;UA80000000000093317;Солом'янський;UA80000000000980793;вулиця;Леніна;;171;;;;building;;мікрорайон Жуляни;834;;;5;Для будівництва і обслуговування житлового будинку, господарських будівель і споруд (присадибна ділянка);manual;central;40;by_street;borehole;septic;paved;flat;dry;none;yes;TRUE
76;73841147870;single;TRUE;1;8000000000:72:210:0005;;"SRID=4326;POINT(30.4989 50.425356)";50.425356;30.4989;rooftop;manual;UA;м. Київ;UA80000000000093317;;;;;місто;Київ;UA80000000000093317;Солом'янський;UA80000000000980793;провулок;Докучаєвський;;16;;;;building;;;1000;;;5;Для будівництва і обслуговування житлового будинку, господарських будівель і споруд (присадибна ділянка);manual;central;unknown;by_street;central;by street;paved;gentle;dry;none;yes;TRUE
77;92061903470;single;TRUE;1;8000000000:72:172:0001;;"SRID=4326;POINT(30.479766 50.415237)";50.415237;30.479766;rooftop;manual;UA;м. Київ;UA80000000000093317;;;;;місто;Київ;UA80000000000093317;Солом'янський;UA80000000000980793;вулиця;Народна;;47;;;;building;;;630;;;5;Для будівництва і обслуговування житлового будинку, господарських будівель і споруд (присадибна ділянка);manual;central;unknown;by_street;by street;by street;paved;gentle;dry;none;yes;TRUE
78;5796323870;single;TRUE;1;8000000000:72:503:0182;;"SRID=4326;POINT(30.449901 50.396924)";50.396924;30.449901;rooftop;manual;UA;м. Київ;UA80000000000093317;;;;;місто;Київ;UA80000000000093317;Солом'янський;UA80000000000980793;вулиця;Смерекова;;40;;;;land_plot;;;780;;;5;Для будівництва і обслуговування житлового будинку, господарських будівель і споруд (присадибна ділянка);manual;by street;unknown;none;none;none;paved;flat;dry;none;no;FALSE
79;31369277340;single;TRUE;1;8000000000:72:160:0028;;"SRID=4326;POINT(30.494583 50.432292)";50.432292;30.494583;rooftop;manual;UA;м. Київ;UA80000000000093317;;;;;місто;Київ;UA80000000000093317;Солом'янський;UA80000000000980793;вулиця;Агітаторська;;9;;;;land_plot;;;1010;;;5;Для будівництва і обслуговування житлового будинку, господарських будівель і споруд (присадибна ділянка);manual;by street;unknown;by_street;by street;by street;paved;steep;dry;panoramic;no;FALSE
80;15779259870;single;TRUE;1;8000000000:72:329:0036;;"SRID=4326;POINT(30.423697 50.397382)";50.397382;30.423697;rooftop;manual;UA;м. Київ;UA80000000000093317;;;;;місто;Київ;UA80000000000093317;Солом'янський;UA80000000000980793;провулок;Ватутіна;;3;;;;land_plot;;;637;;;5;Для будівництва і обслуговування житлового будинку, господарських будівель і споруд (присадибна ділянка);manual;by street;unknown;none;none;none;unpaved;flat;dry;none;no;FALSE
81;23957553090;single;TRUE;1;8000000000:72:286:0001;;"SRID=4326;POINT(30.483547 50.412187)";50.412187;30.483547;rooftop;manual;UA;м. Київ;UA80000000000093317;;;;;місто;Київ;UA80000000000093317;Солом'янський;UA80000000000980793;вулиця;Крутогірна;;40;;;;land_plot;;;1015,18;;;5;Для будівництва і обслуговування житлового будинку, господарських будівель і споруд (присадибна ділянка);manual;central;unknown;by_street;by street;by street;paved;flat;dry;none;no;FALSE
82;12945607070;single;TRUE;1;8000000000:72:523:0009;;"SRID=4326;POINT(30.434872 50.391664)";50.391664;30.434872;rooftop;manual;UA;м. Київ;UA80000000000093317;;;;;місто;Київ;UA80000000000093317;Солом'янський;UA80000000000980793;вулиця;Гоголя;;14-б;;;;land_plot;;;576;;;5;Для будівництва і обслуговування житлового будинку, господарських будівель і споруд (присадибна ділянка);manual;by street;unknown;by_street;by street;by street;unpaved;flat;dry;none;no;FALSE
83;54775126250;single;TRUE;1;3222410600:01:004:5001;;"SRID=4326;POINT(30.418701 50.397123)";50.397123;30.418701;rooftop;manual;UA;Київська область;UA32000000000030281;Києво-Святошинський;UA32000000000030281;;;місто;Вишневе;UA32080090010037585;;;вулиця;Чорновола;;53-А;;;;land_plot;;;5000;;;8;Для будівництва та обслуговування інших будівель громадської забудови;manual;by street;unknown;by_street;by street;by street;unpaved;flat;dry;none;no;FALSE
84;24332493870;single;TRUE;1;8000000000:72:414:0068;;"SRID=4326;POINT(30.483373 50.405739)";50.405739;30.483373;rooftop;manual;UA;м. Київ;UA80000000000093317;;;;;місто;Київ;UA80000000000093317;Солом'янський;UA80000000000980793;провулок;Заповітний;;8;;;;building;;;1000;;;5;Для будівництва і обслуговування житлового будинку, господарських будівель і споруд (присадибна ділянка);manual;central;unknown;by_street;unknown;unknown;paved;flat;dry;none;yes;TRUE
85;77703310000;single;TRUE;1;8000000000:72:153:0001;;"SRID=4326;POINT(30.481441 50.420228)";50.420228;30.481441;rooftop;manual;UA;м. Київ;UA80000000000093317;;;;;місто;Київ;UA80000000000093317;Солом'янський;UA80000000000980793;вулиця;Гайсинська;;02.Лис;;;;land_plot;;;535;;;5;Для будівництва і обслуговування житлового будинку, господарських будівель і споруд (присадибна ділянка);manual;by street;unknown;by_street;by street;by street;paved;flat;dry;none;no;FALSE
86;75775621620;single;TRUE;1;8000000000:69:215:0043;;"SRID=4326;POINT(30.436992 50.429605)";50.429605;30.436992;rooftop;manual;UA;м. Київ;UA80000000000093317;;;;;місто;Київ;UA80000000000093317;Солом'янський;UA80000000000980793;вулиця;Чернишевського;;28;;;;building;;;847;;;5;Для будівництва і обслуговування житлового будинку, господарських будівель і споруд (присадибна ділянка);manual;by street;unknown;by_street;by street;by street;paved;flat;dry;none;yes;TRUE
87;62678557910;group;TRUE;4;;"8000000000:85:039:0037, 8000000000:85:039:0038, 8000000000:85:039:0051, 8000000000:85:039:0021
";"SRID=4326;POINT(30.334279 50.552017)";50.552017;30.334279;rooftop;manual;UA;м. Київ;UA80000000000093317;;;;;місто;Київ;UA80000000000093317;Оболонський;UA80000000000551439 ;вулиця;Миколи Юнкерова;;105;;;;land_plot;;;2351;;;5;Для будівництва і обслуговування житлового будинку, господарських будівель і споруд (присадибна ділянка);manual;by street;unknown;by_street;by street;by street;paved;flat;dry;none;no;FALSE
88;35991777030;single;TRUE;1;8000000000:78:184:0011;;"SRID=4326;POINT(30.475144 50.558537)";50.558537;30.475144;rooftop;manual;UA;м. Київ;UA80000000000093317;;;;;місто;Київ;UA80000000000093317;Оболонський;UA80000000000551439 ;вулиця;Сваромська;;22;;;;land_plot;Чорнобилець 2005;;1000;;;5;Для будівництва і обслуговування житлового будинку, господарських будівель і споруд (присадибна ділянка);manual;central;unknown;none;none;none;unpaved;flat;dry;none;no;FALSE
89;84939687270;single;TRUE;1;8000000000:78:184:0002;;"SRID=4326;POINT(30.474955 50.559947)";50.559947;30.474955;rooftop;manual;UA;м. Київ;UA80000000000093317;;;;;місто;Київ;UA80000000000093317;Оболонський;UA80000000000551439 ;вулиця;Хотянівська;;2;;;;land_plot;Чорнобилець 2005;;1000;;;5;Для будівництва і обслуговування житлового будинку, господарських будівель і споруд (присадибна ділянка);manual;none;unknown;none;none;none;unpaved;flat;dry;none;no;FALSE
90;77669097650;single;TRUE;1;8000000000:78:189:0001;;"SRID=4326;POINT(30.478095 50.558286)";50.558286;30.478095;rooftop;manual;UA;м. Київ;UA80000000000093317;;;;;місто;Київ;UA80000000000093317;Оболонський;UA80000000000551439 ;вулиця;Любомирська;;14;;;;land_plot;Чорнобилець 2005;;1000;;;5;Для будівництва і обслуговування житлового будинку, господарських будівель і споруд (присадибна ділянка);manual;by street;unknown;by_street;by street;by street;unpaved;flat;dry;none;no;FALSE
91;943004690;group;TRUE;2;;8000000000:79:118:0243, 8000000000:79:118:0040;"SRID=4326;POINT(30.52509 50.3745)";50.3745;30.52509;rooftop;manual;UA;м. Київ;UA80000000000093317;;;;;місто;Київ;UA80000000000093317;Голосіївський;UA80000000000126643;вулиця;Парникова;;15б;;;;building;;;2000;;;5;Для будівництва і обслуговування житлового будинку, господарських будівель і споруд (присадибна ділянка);manual;central;unknown;central;central;central;paved;steep;dry;panoramic;yes;TRUE
92;61578555690;single;TRUE;1;8000000000:62:506:0041;;"SRID=4326;POINT(30.673407 50.483366)";50.483366;30.673407;rooftop;manual;UA;м. Київ;UA80000000000093317;;;;;місто;Київ;UA80000000000093317;Деснянський;UA80000000000336424;провулок;3-й Садовий;;5;;;;land_plot;;;1000;02.Лип;Для іншої житлової забудови;5;Для будівництва і обслуговування житлового будинку, господарських будівель і споруд (присадибна ділянка);manual;central;15;by_street;by street;by street;unpaved;steep;dry;none;no;FALSE
93;80822387250;single;TRUE;1;8000000000:75:130:0019;;"SRID=4326;POINT(30.334149 50.463653)";50.463653;30.334149;rooftop;manual;UA;м. Київ;UA80000000000093317;;;;;місто;Київ;UA80000000000093317;Святошинський;UA80000000000875983;вулиця;Христини Сушко;;36;;;;building;;;700;;Для індивідуального житлового, гаражного і дачного будівництва;5;Для будівництва і обслуговування житлового будинку, господарських будівель і споруд (присадибна ділянка);manual;central;unknown;central;central;central;unpaved;flat;dry;none;yes;TRUE
94;32617110410;single;TRUE;1;8000000000:91:500:0009;;"SRID=4326;POINT(30.380313 50.499345)";50.499345;30.380313;rooftop;manual;UA;м. Київ;UA80000000000093317;;;;;місто;Київ;UA80000000000093317;Подільський;UA80000000000719633;вулиця;Газопровідна;;2;;;147;land_plot;Суднобудівник;;699;01.Чер;Для колективного садівництва;5;Для індивідуального садівництва;manual;central;unknown;by_street;central;central;unpaved;flat;dry;none;no;FALSE
95;8069376540;single;TRUE;1;8000000000:66:045:0003;;"SRID=4326;POINT(30.586063 50.462855)";50.462855;30.586063;rooftop;manual;UA;м. Київ;UA80000000000093317;;;;;місто;Київ;UA80000000000093317;Дніпровський;UA80000000000479391;вулиця;Євгена Маланюка;;59-В;;;;land_plot;;;948;03.Жов;Для будівництва та обслуговування адміністративних будинків, офісних будівель компаній, які займаються підприємницькою діяльністю, пов’язаною з отриманням прибутку;9;Для будівництва та обслуговування адміністративних будинків, офісних будівель компаній, які займаються підприємницькою діяльністю, пов'язаною з отриманням прибутку;manual;none;unknown;by_street;by street;by street;paved;flat;dry;none;no;FALSE
96;28044915470;single;TRUE;1;8000000000:66:049:0041;;"SRID=4326;POINT(30.672629 50.451746)";50.451746;30.672629;rooftop;manual;UA;м. Київ;UA80000000000093317;;;;;місто;Київ;UA80000000000093317;Дніпровський;UA80000000000479391;вулиця;Марганецька;;35;;;;building;;;533;;Для індивідуального житлового, гаражного і дачного будівництва;5;Для будівництва і обслуговування житлового будинку, господарських будівель і споруд (присадибна ділянка);manual;central;unknown;central;central;central;paved;flat;dry;none;yes;TRUE
97;23551223500;single;TRUE;1;8000000000:62:068:0291;;"SRID=4326;POINT(30.647582 50.451095)";50.451095;30.647582;rooftop;manual;UA;м. Київ;UA80000000000093317;;;;;місто;Київ;UA80000000000093317;Дніпровський;UA80000000000479391;вулиця;Віскозна;;6;;;;building;;;7554;;Для розміщення та експлуатації основних, підсобних і допоміжних будівель та споруд підприємств переробної, машинобудівної та іншої промисловості;15;Для розміщення та експлуатації основних, підсобних і допоміжних будівель та споруд підприємств переробної, машинобудівної та іншої промисловості;manual;central;unknown;by_street;central;central;paved;flat;dry;none;yes;TRUE
98;86521747410;single;TRUE;1;8000000000:82:136:0018;;"SRID=4326;POINT(30.558818 50.403578)";50.403578;30.558818;rooftop;manual;UA;м. Київ;UA80000000000093317;;;;;місто;Київ;UA80000000000093317;Печерський;UA80000000000624772;провулок;Звіринецький;;4;;;;building;;;1000;;Для індивідуального житлового, гаражного і дачного будівництва;5;Для будівництва і обслуговування житлового будинку, господарських будівель і споруд (присадибна ділянка);manual;central;unknown;by_street;none;none;paved;gentle;dry;none;yes;TRUE
99;24026701270;single;TRUE;1;8000000000:82:244:0006;;"SRID=4326;POINT(30.538255 50.407076)";50.407076;30.538255;rooftop;manual;UA;м. Київ;UA80000000000093317;;;;;місто;Київ;UA80000000000093317;Печерський;UA80000000000624772;вулиця;Товарна;;53;;;;building;;;1000;;Для індивідуального житлового, гаражного і дачного будівництва;5;Для будівництва і обслуговування житлового будинку, господарських будівель і споруд (присадибна ділянка);manual;central;unknown;central;central;central;paved;gentle;dry;none;yes;TRUE
100;8768973990;single;TRUE;1;8000000000:82:361:0026;;"SRID=4326;POINT(30.556639 50.404786)";50.404786;30.556639;rooftop;manual;UA;м. Київ;UA80000000000093317;;;;;місто;Київ;UA80000000000093317;Печерський;UA80000000000624772;вулиця;Звіринецька;;69;;;;building;;;800;;Для індивідуального житлового, гаражного і дачного будівництва;5;Для будівництва і обслуговування житлового будинку, господарських будівель і споруд (присадибна ділянка);manual;central;unknown;central;central;central;paved;flat;dry;none;yes;TRUE
101;45918489210;single;TRUE;1;8000000000:82:248:0180;;"SRID=4326;POINT(30.533139 50.408018)";50.408018;30.533139;rooftop;manual;UA;м. Київ;UA80000000000093317;;;;;місто;Київ;UA80000000000093317;Печерський;UA80000000000624772;вулиця;Чорногрірська;;34б;;;;land_plot;;;1000;;Для індивідуального житлового, гаражного і дачного будівництва;5;Для будівництва і обслуговування житлового будинку, господарських будівель і споруд (присадибна ділянка);manual;by street;unknown;by_street;by street;by street;paved;steep;dry;none;no;FALSE
102;23854248120;single;TRUE;1;8000000000:75:134:0002;;"SRID=4326;POINT(30.329316 50.464962)";50.464962;30.329316;rooftop;manual;UA;м. Київ;UA80000000000093317;;;;;місто;Київ;UA80000000000093317;Святошинський;UA80000000000875983;вулиця;Обухівська;;131;;;;land_plot;;;422;;Для індивідуального житлового, гаражного і дачного будівництва;5;Для будівництва і обслуговування житлового будинку, господарських будівель і споруд (присадибна ділянка);manual;by street;unknown;by_street;by street;by street;unpaved;flat;dry;none;no;FALSE
103;30864987250;single;TRUE;1;8000000000:75:151:0082;;"SRID=4326;POINT(30.312411 50.464523)";50.464523;30.312411;rooftop;manual;UA;м. Київ;UA80000000000093317;;;;;місто;Київ;UA80000000000093317;Святошинський;UA80000000000875983;вулиця;Обухівська;;135-В;;;14;land_plot;Нивка;;872;;Для ведення особистого підсобного господарства, садівництва, городництва, сінокосіння і випасання худоби;5;Для індивідуального садівництва;manual;central;33;none;none;none;paved;gentle;dry;none;no;FALSE
104;27353076450;single;TRUE;1;8000000000:75:103:0001;;"SRID=4326;POINT(30.337181 50.468426)";50.468426;30.337181;rooftop;manual;UA;м. Київ;UA80000000000093317;;;;;місто;Київ;UA80000000000093317;Святошинський;UA80000000000875983;вулиця;Осіння;;110;;;;building;;;1000;;Для індивідуального житлового, гаражного і дачного будівництва;5;Для будівництва і обслуговування житлового будинку, господарських будівель і споруд (присадибна ділянка);manual;central;unknown;by_street;central;central;paved;gentle;dry;none;yes;TRUE
105;95424592980;single;TRUE;1;8000000000:62:311:0133;;"SRID=4326;POINT(30.671286 50.482972)";50.482972;30.671286;rooftop;manual;UA;м. Київ;UA80000000000093317;;;;;місто;Київ;UA80000000000093317;Деснянський;UA80000000000336424;провулок;Радистів;;3а;;;;land_plot;;;985;02.Січ;Для будівництва і обслуговування житлового будинку, господарських будівель і споруд (присадибна ділянка);5;Для будівництва і обслуговування житлового будинку, господарських будівель і споруд (присадибна ділянка);manual;by street;unknown;by_street;by street;by street;unpaved;flat;dry;none;no;FALSE
106;35189400770;single;TRUE;1;8000000000:62:506:0002;;"SRID=4326;POINT(30.673342 50.483383)";50.483383;30.673342;rooftop;manual;UA;м. Київ;UA80000000000093317;;;;;місто;Київ;UA80000000000093317;Деснянський;UA80000000000336424;провулок;3-й Садовий;;5;;;;land_plot;;;500;02.Лип;для будівництва та обслуговування житлового будинку, господарських будівель і споруд;5;Для будівництва і обслуговування житлового будинку, господарських будівель і споруд (присадибна ділянка);manual;central;15;none;none;none;paved;flat;dry;none;no;FALSE
107;99269772910;single;TRUE;1;8000000000:62:038:0132;;"SRID=4326;POINT(30.667871 50.488109)";50.488109;30.667871;rooftop;manual;UA;м. Київ;UA80000000000093317;;;;;місто;Київ;UA80000000000093317;Деснянський;UA80000000000336424;вулиця;Радистів;;104;;;;land_plot;;;1000;02.Лип;для будівництва та обслуговування житлового будинку, господарських будівель і споруд;5;Для будівництва і обслуговування житлового будинку, господарських будівель і споруд (присадибна ділянка);manual;by street;unknown;by_street;none;none;paved;flat;dry;none;no;FALSE
108;77227950460;single;TRUE;1;8000000000:72:513:0009;;"SRID=4326;POINT(30.432218 50.395098)";50.395098;30.432218;rooftop;manual;UA;м. Київ;UA80000000000093317;;;;;місто;Київ;UA80000000000093317;Солом'янський;UA80000000000980793;вулиця;Шевченка;;71;;;;building;;;1000;;Для індивідуального житлового, гаражного і дачного будівництва;5;Для будівництва і обслуговування житлового будинку, господарських будівель і споруд (присадибна ділянка);manual;central;unknown;central;borehole;unknown;paved;flat;dry;none;yes;TRUE
109;28922083190;single;TRUE;1;8000000000:85:156:0056;;"SRID=4326;POINT(30.444267 50.522839)";50.522839;30.444267;rooftop;manual;UA;м. Київ;UA80000000000093317;;;;;місто;Київ;UA80000000000093317;Подільський;UA80000000000719633;вулиця;Сажина;;1;;;;building;;;293;;Для індивідуального житлового, гаражного і дачного будівництва;5;Для будівництва і обслуговування житлового будинку, господарських будівель і споруд (присадибна ділянка);manual;central;unknown;central;central;central;paved;flat;dry;none;yes;TRUE
110;99019062960;single;TRUE;1;8000000000:85:156:0014;;"SRID=4326;POINT(30.442342 50.523642)";50.523642;30.442342;rooftop;manual;UA;м. Київ;UA80000000000093317;;;;;місто;Київ;UA80000000000093317;Подільський;UA80000000000719633;вулиця;Сошенко;;34а;;;;building;;;644;;Для індивідуального житлового, гаражного і дачного будівництва;5;Для будівництва і обслуговування житлового будинку, господарських будівель і споруд (присадибна ділянка);manual;central;unknown;central;central;central;paved;flat;dry;none;yes;TRUE
111;43246550730;single;TRUE;1;8000000000:85:152:0013;;"SRID=4326;POINT(30.436864 50.521238)";50.521238;30.436864;rooftop;manual;UA;м. Київ;UA80000000000093317;;;;;місто;Київ;UA80000000000093317;Подільський;UA80000000000719633;вулиця;Кобзарська;;57ж;;;;building;;;386;02.Січ;Для будівництва і обслуговування житлового будинку, господарських будівель і споруд (присадибна ділянка);5;Для будівництва і обслуговування житлового будинку, господарських будівель і споруд (присадибна ділянка);manual;central;unknown;central;central;central;paved;flat;dry;none;yes;TRUE
112;68903306620;single;TRUE;1;8000000000:85:494:0021;;"SRID=4326;POINT(30.441958 50.514656)";50.514656;30.441958;rooftop;manual;UA;м. Київ;UA80000000000093317;;;;;місто;Київ;UA80000000000093317;Подільський;UA80000000000719633;вулиця;Осиповського;;4а;;;;building;;;372;02.Січ;Для будівництва і обслуговування житлового будинку, господарських будівель і споруд (присадибна ділянка);5;Для будівництва і обслуговування житлового будинку, господарських будівель і споруд (присадибна ділянка);manual;central;unknown;central;central;central;paved;flat;dry;none;yes;TRUE
113;94721892660;single;TRUE;1;8000000000:85:488:0011;;"SRID=4326;POINT(30.43647 50.517189)";50.517189;30.43647;rooftop;manual;UA;м. Київ;UA80000000000093317;;;;;місто;Київ;UA80000000000093317;Подільський;UA80000000000719633;вулиця;Олександра Бестужева;;49;;;;building;;;589;02.Січ;Для будівництва і обслуговування житлового будинку, господарських будівель і споруд (присадибна ділянка);5;Для будівництва і обслуговування житлового будинку, господарських будівель і споруд (присадибна ділянка);manual;central;unknown;central;central;central;paved;flat;dry;none;yes;TRUE
114;85264241140;single;TRUE;1;8000000000:85:231:0018;;"SRID=4326;POINT(30.448904 50.517787)";50.517787;30.448904;rooftop;manual;UA;м. Київ;UA80000000000093317;;;;;місто;Київ;UA80000000000093317;Подільський;UA80000000000719633;вулиця;Вишгородська;;59;;;;building;;;567;;Для індивідуального житлового, гаражного і дачного будівництва;5;Для будівництва і обслуговування житлового будинку, господарських будівель і споруд (присадибна ділянка);manual;central;unknown;central;central;central;paved;flat;dry;none;yes;TRUE
115;31392602320;single;TRUE;1;8000000000:85:219:0169;;"SRID=4326;POINT(30.442231 50.493472)";50.493472;30.442231;rooftop;manual;UA;м. Київ;UA80000000000093317;;;;;місто;Київ;UA80000000000093317;Подільський;UA80000000000719633;провулок;Замковецький;;7;;;;building;;;1000;;Для індивідуального житлового, гаражного і дачного будівництва;5;Для будівництва і обслуговування житлового будинку, господарських будівель і споруд (присадибна ділянка);manual;central;unknown;central;central;central;paved;flat;dry;none;yes;TRUE
116;95298384640;single;TRUE;1;8000000000:66:084:0011;;"SRID=4326;POINT(30.666537 50.44701)";50.44701;30.666537;rooftop;manual;UA;м. Київ;UA80000000000093317;;;;;місто;Київ;UA80000000000093317;Дніпровський;UA80000000000479391;провулок;Паровозний;;3;;;;building;;;611;;Для індивідуального житлового, гаражного і дачного будівництва;5;Для будівництва і обслуговування житлового будинку, господарських будівель і споруд (присадибна ділянка);manual;central;unknown;central;central;central;paved;flat;dry;none;yes;TRUE
117;30312418900;single;TRUE;1;8000000000:66:049:0042;;"SRID=4326;POINT(30.672798 50.451621)";50.451621;30.672798;rooftop;manual;UA;м. Київ;UA80000000000093317;;;;;місто;Київ;UA80000000000093317;Дніпровський;UA80000000000479391;вулиця;Марганецька;;35а;;;;building;;;417;;Для індивідуального житлового, гаражного і дачного будівництва;5;Для будівництва і обслуговування житлового будинку, господарських будівель і споруд (присадибна ділянка);manual;central;unknown;central;central;central;paved;flat;dry;none;yes;TRUE
118;95707647850;single;TRUE;1;8000000000:66:601:0101;;"SRID=4326;POINT(30.582245 50.468193)";50.468193;30.582245;rooftop;manual;UA;м. Київ;UA80000000000093317;;;;;місто;Київ;UA80000000000093317;Дніпровський;UA80000000000479391;вулиця;4-та Садова;;50;;;;building;ДВРЗ;;282;01.Чер;Для колективного садівництва;5;Для індивідуального садівництва;manual;central;unknown;central;borehole;septic;unpaved;flat;dry;none;yes;TRUE
119;73941664360;single;TRUE;1;8000000000:66:584:0042;;"SRID=4326;POINT(30.584666 50.472862)";50.472862;30.584666;rooftop;manual;UA;м. Київ;UA80000000000093317;;;;;місто;Київ;UA80000000000093317;Дніпровський;UA80000000000479391;вулиця;9-та Садова;;91;;;;building;Деревообробник;;629;;Для ведення особистого підсобного господарства, садівництва, городництва, сінокосіння і випасання худоби;5;Для індивідуального садівництва;manual;central;unknown;none;borehole;septic;unpaved;flat;dry;none;yes;TRUE
120;46112145440;single;TRUE;1;8000000000:66:557:0006;;"SRID=4326;POINT(30.571044 50.474471)";50.474471;30.571044;rooftop;manual;UA;м. Київ;UA80000000000093317;;;;;місто;Київ;UA80000000000093317;Дніпровський;UA80000000000479391;вулиця;19-та Садова;;18;;;;building;Русанівець;;583;;Для ведення особистого підсобного господарства, садівництва, городництва, сінокосіння і випасання худоби;5;Для індивідуального садівництва;manual;central;15;none;borehole;septic;unpaved;flat;dry;none;yes;TRUE
121;822329890;single;TRUE;1;8000000000:66:562:0019;;"SRID=4326;POINT(30.576658 50.475783)";50.475783;30.576658;rooftop;manual;UA;м. Київ;UA80000000000093317;;;;;місто;Київ;UA80000000000093317;Дніпровський;UA80000000000479391;вулиця;19-та Садова;;36;;;;building;Машинобудівник;;606;;Для ведення особистого підсобного господарства, садівництва, городництва, сінокосіння і випасання худоби;5;Для індивідуального садівництва;manual;central;none;none;borehole;septic;unpaved;flat;dry;none;yes;TRUE
122;99945193230;single;TRUE;1;8000000000:66:635:0004;;"SRID=4326;POINT(30.568739 50.486573)";50.486573;30.568739;rooftop;manual;UA;м. Київ;UA80000000000093317;;;;;місто;Київ;UA80000000000093317;Дніпровський;UA80000000000479391;вулиця;202-га Садова;;14;;;;building;Приозере;;447;;Для ведення особистого підсобного господарства, садівництва, городництва, сінокосіння і випасання худоби;5;Для індивідуального садівництва;manual;central;none;none;none;none;unpaved;flat;dry;none;yes;TRUE
123;82903085920;single;TRUE;1;8000000000:78:359:0013;;"SRID=4326;POINT(30.503908 50.544705)";50.544705;30.503908;rooftop;manual;UA;м. Київ;UA80000000000093317;;;;;місто;Київ;UA80000000000093317;Оболонський;UA80000000000551439 ;вулиця;6-Лінія;;28;;;;building;Чорнобилець;"урочище ""Оболонь""";861;;Житлових, житлово-будівельних, гаражно і дачно-будівельних кооперативів;5;Для будівництва і обслуговування житлового будинку, господарських будівель і споруд (присадибна ділянка);manual;central;30;none;borehole;septic;unpaved;flat;dry;none;yes;TRUE
124;7457338550;single;TRUE;1;8000000000:78:400:0005;;"SRID=4326;POINT(30.472606 50.552659)";50.552659;30.472606;rooftop;manual;UA;м. Київ;UA80000000000093317;;;;;місто;Київ;UA80000000000093317;Оболонський;UA80000000000551439 ;вулиця;8-Лінія;;45;;;;building;Чорнобилець;;995;;Житлових, житлово-будівельних, гаражно і дачно-будівельних кооперативів;5;Для будівництва і обслуговування житлового будинку, господарських будівель і споруд (присадибна ділянка);manual;central;none;central;borehole;septic;unpaved;flat;dry;none;yes;TRUE
125;28265185080;single;TRUE;1;8000000000:78:389:0007;;"SRID=4326;POINT(30.476343 50.553706)";50.553706;30.476343;rooftop;manual;UA;м. Київ;UA80000000000093317;;;;;місто;Київ;UA80000000000093317;Оболонський;UA80000000000551439 ;вулиця;Продольна;;1;;;;building;Оболонь-2;;399;;Для ведення особистого підсобного господарства, садівництва, городництва, сінокосіння і випасання худоби;5;Для індивідуального садівництва;manual;central;none;none;borehole;septic;unpaved;flat;dry;none;yes;TRUE
126;88913483180;single;TRUE;1;8000000000:90:971:0009;;"SRID=4326;POINT(30.612032 50.37023)";50.37023;30.612032;rooftop;manual;UA;м. Київ;UA80000000000093317;;;;;місто;Київ;UA80000000000093317;Дарницький;UA80000000000210193;вулиця;Садова;;73;;;222;building;Будівельник-1;;466;;Для ведення особистого селянського господарства, садівництва, городництва, сінокосіння і випасання худоби;5;Для індивідуального садівництва;manual;central;none;central;borehole;septic;unpaved;flat;dry;none;yes;TRUE
127;43587204130;single;TRUE;1;8000000000:90:528:0003;;"SRID=4326;POINT(30.605685 50.370299)";50.370299;30.605685;rooftop;manual;UA;м. Київ;UA80000000000093317;;;;;місто;Київ;UA80000000000093317;Дарницький;UA80000000000210193;вулиця;Садова;;158;;;52;building;Світанок;;453;;Для ведення особистого підсобного господарства, садівництва, городництва, сінокосіння і випасання худоби;5;Для індивідуального садівництва;manual;central;20;central;borehole;septic;unpaved;flat;dry;none;yes;TRUE
128;81606617770;single;TRUE;1;8000000000:75:796:0008;;"SRID=4326;POINT(30.367519 50.49033)";50.49033;30.367519;rooftop;manual;UA;м. Київ;UA80000000000093317;;;;;місто;Київ;UA80000000000093317;Святошинський;UA80000000000875983;вулиця;23-Садова;;;;;64;building;Тюльпан;;599;;Для ведення особистого підсобного господарства, садівництва, городництва, сінокосіння і випасання худоби;5;Для індивідуального садівництва;manual;central;none;by_street;borehole;septic;unpaved;flat;dry;none;yes;TRUE
129;19572494460;single;TRUE;1;8000000000:75:792:0102;;"SRID=4326;POINT(30.368578 50.489159)";50.489159;30.368578;rooftop;manual;UA;м. Київ;UA80000000000093317;;;;;місто;Київ;UA80000000000093317;Святошинський;UA80000000000875983;вулиця;Садова;;21;;;88;building;Газовик;;289;01.Чер;Для колективного садівництва;5;Для індивідуального садівництва;manual;central;none;central;borehole;septic;unpaved;flat;dry;none;yes;TRUE
130;91872428920;single;TRUE;1;8000000000:75:805:0050;;"SRID=4326;POINT(30.371384 50.493285)";50.493285;30.371384;rooftop;manual;UA;м. Київ;UA80000000000093317;;;;;місто;Київ;UA80000000000093317;Святошинський;UA80000000000875983;вулиця;Садова;;33;;;7;building;Берковець-2;;638;01.Чер;Для колективного садівництва;5;Для індивідуального садівництва;manual;central;none;by_street;borehole;septic;unpaved;flat;dry;none;yes;TRUE
131;85591028960;single;TRUE;1;8000000000:91:551:0007;;"SRID=4326;POINT(30.376165 50.495105)";50.495105;30.376165;rooftop;manual;UA;м. Київ;UA80000000000093317;;;;;місто;Київ;UA80000000000093317;Подільський;UA80000000000719633;вулиця;Стеценка;;28;;;80;building;Артемівець;;282,5;;Для ведення особистого підсобного господарства, садівництва, городництва, сінокосіння і випасання худоби;5;Для індивідуального садівництва;manual;central;15;central;borehole;septic;unpaved;flat;dry;none;yes;TRUE
132;95294287720;single;TRUE;1;8000000000:91:493:0035;;"SRID=4326;POINT(30.377154 50.499515)";50.499515;30.377154;rooftop;manual;UA;м. Київ;UA80000000000093317;;;;;місто;Київ;UA80000000000093317;Подільський;UA80000000000719633;вулиця;9-Лінія;;;;;73;building;Більшовик;;585;;Для ведення особистого підсобного господарства, садівництва, городництва, сінокосіння і випасання худоби;5;Для індивідуального садівництва;manual;central;none;by_street;borehole;septic;unpaved;flat;dry;none;yes;TRUE
133;91287189320;single;TRUE;1;8000000000:91:493:0034;;"SRID=4326;POINT(30.377841 50.499017)";50.499017;30.377841;rooftop;manual;UA;м. Київ;UA80000000000093317;;;;;місто;Київ;UA80000000000093317;Подільський;UA80000000000719633;вулиця;10-Лінія;;;;;57;building;Більшовик;;590;;Для ведення особистого підсобного господарства, садівництва, городництва, сінокосіння і випасання худоби;5;Для індивідуального садівництва;manual;central;7;central;borehole;septic;unpaved;flat;dry;none;yes;TRUE
134;132875150;single;TRUE;1;8000000000:75:411:0011;;"SRID=4326;POINT(30.336428 50.460396)";50.460396;30.336428;rooftop;manual;UA;м. Київ;UA80000000000093317;;;;;місто;Київ;UA80000000000093317;Святошинський;UA80000000000875983;вулиця;Коллонтай;;47;;;;building;;;1000;;Для індивідуального житлового, гаражного і дачного будівництва;5;Для будівництва і обслуговування житлового будинку, господарських будівель і споруд (присадибна ділянка);manual;central;20;none;borehole;septic;unpaved;flat;dry;none;yes;TRUE
135;82568003900;single;TRUE;1;8000000000:75:254:0022;;"SRID=4326;POINT(30.364664 50.439395)";50.439395;30.364664;rooftop;manual;UA;м. Київ;UA80000000000093317;;;;;місто;Київ;UA80000000000093317;Святошинський;UA80000000000875983;вулиця;Костюка;;23;;;;building;;;294;;Для індивідуального житлового, гаражного і дачного будівництва;5;Для будівництва і обслуговування житлового будинку, господарських будівель і споруд (присадибна ділянка);manual;central;;central;central;central;paved;flat;dry;none;yes;TRUE
136;44432766890;single;TRUE;1;8000000000:75:316:0031;;"SRID=4326;POINT(30.405122 50.417116)";50.417116;30.405122;rooftop;manual;UA;м. Київ;UA80000000000093317;;;;;місто;Київ;UA80000000000093317;Святошинський;UA80000000000875983;вулиця;Івана Труша;;26;;;;building;;;276;02.Січ;Для будівництва і обслуговування житлового будинку, господарських будівель і споруд (присадибна ділянка);5;Для будівництва і обслуговування житлового будинку, господарських будівель і споруд (присадибна ділянка);manual;central;;none;unknown;unknown;paved;flat;dry;none;yes;TRUE
137;4267456900;single;TRUE;1;8000000000:72:531:0057;;"SRID=4326;POINT(30.454312 50.389958)";50.389958;30.454312;rooftop;manual;UA;м. Київ;UA80000000000093317;;;;;місто;Київ;UA80000000000093317;Солом'янський;UA80000000000980793;вулиця;Вчительська;;15;;;;building;;;1000;02.Січ;Для будівництва і обслуговування житлового будинку, господарських будівель і споруд (присадибна ділянка);5;Для будівництва і обслуговування житлового будинку, господарських будівель і споруд (присадибна ділянка);manual;central;;central;central;central;paved;flat;dry;none;yes;TRUE
138;17538672260;single;TRUE;1;8000000000:72:504:0073;;"SRID=4326;POINT(30.457461 50.396866)";50.396866;30.457461;rooftop;manual;UA;м. Київ;UA80000000000093317;;;;;місто;Київ;UA80000000000093317;Солом'янський;UA80000000000980793;вулиця;Совська;;9;;;;building;;;1000;;Для індивідуального житлового, гаражного і дачного будівництва;5;Для будівництва і обслуговування житлового будинку, господарських будівель і споруд (присадибна ділянка);manual;central;;by_street;by street;by street;unpaved;flat;dry;none;yes;TRUE
139;21457507620;single;TRUE;1;8000000000:72:432:0066;;"SRID=4326;POINT(30.484977 50.400475)";50.400475;30.484977;rooftop;manual;UA;м. Київ;UA80000000000093317;;;;;місто;Київ;UA80000000000093317;Солом'янський;UA80000000000980793;вулиця;Федьковича;;12;;;;building;;;168;02.Січ;Для будівництва і обслуговування житлового будинку, господарських будівель і споруд (присадибна ділянка);5;Для будівництва і обслуговування житлового будинку, господарських будівель і споруд (присадибна ділянка);manual;central;;central;central;central;paved;gentle;dry;none;yes;TRUE
140;35665541550;single;TRUE;1;8000000000:79:132:0028;;"SRID=4326;POINT(30.494475 50.406577)";50.406577;30.494475;rooftop;manual;UA;м. Київ;UA80000000000093317;;;;;місто;Київ;UA80000000000093317;Голосіївський;UA80000000000126643;вулиця;Володимира Самійленка;;2а;;;;building;;;1000;;Для індивідуального житлового, гаражного і дачного будівництва;5;Для будівництва і обслуговування житлового будинку, господарських будівель і споруд (присадибна ділянка);manual;central;;central;central;central;paved;flat;dry;none;yes;TRUE
141;22240002850;single;TRUE;1;8000000000:79:154:0002;;"SRID=4326;POINT(30.498315 50.403123)";50.403123;30.498315;rooftop;manual;UA;м. Київ;UA80000000000093317;;;;;місто;Київ;UA80000000000093317;Голосіївський;UA80000000000126643;вулиця;П'ятигорська;;45;;;;building;;;607;;Для індивідуального житлового, гаражного і дачного будівництва;5;Для будівництва і обслуговування житлового будинку, господарських будівель і споруд (присадибна ділянка);manual;central;;central;central;central;paved;gentle;dry;none;yes;TRUE
142;11130779600;single;TRUE;1;8000000000:79:313:0009;;"SRID=4326;POINT(30.522637 50.393101)";50.393101;30.522637;rooftop;manual;UA;м. Київ;UA80000000000093317;;;;;місто;Київ;UA80000000000093317;Голосіївський;UA80000000000126643;вулиця;Добрий шлях;;43;;;;building;;;906;02.Січ;Для будівництва і обслуговування житлового будинку, господарських будівель і споруд (присадибна ділянка);5;Для будівництва і обслуговування житлового будинку, господарських будівель і споруд (присадибна ділянка);manual;central;;central;borehole;septic;paved;gentle;dry;none;yes;TRUE
143;71215767320;single;TRUE;1;8000000000:82:125:0007;;"SRID=4326;POINT(30.538145 50.410486)";50.410486;30.538145;rooftop;manual;UA;м. Київ;UA80000000000093317;;;;;місто;Київ;UA80000000000093317;Печерський;UA80000000000624772;вулиця;Товарна;;21;;;;building;;;730;;Для індивідуального житлового, гаражного і дачного будівництва;5;Для будівництва і обслуговування житлового будинку, господарських будівель і споруд (присадибна ділянка);manual;central;;central;central;central;paved;flat;dry;none;yes;TRUE
144;4258684760;single;TRUE;1;8000000000:79:167:0006;;"SRID=4326;POINT(30.540394 50.371474)";50.371474;30.540394;rooftop;manual;UA;м. Київ;UA80000000000093317;;;;;місто;Київ;UA80000000000093317;Голосіївський;UA80000000000126643;вулиця;Учбова;;05.Сер;;;;building;;;483;;Для індивідуального житлового, гаражного і дачного будівництва;5;Для будівництва і обслуговування житлового будинку, господарських будівель і споруд (присадибна ділянка);manual;central;;central;central;central;paved;flat;dry;none;yes;TRUE
145;84499054140;single;TRUE;1;8000000000:82:188:0063;;"SRID=4326;POINT(30.558539 50.408879)";50.408879;30.558539;rooftop;manual;UA;м. Київ;UA80000000000093317;;;;;місто;Київ;UA80000000000093317;Печерський;UA80000000000624772;вулиця;Тимірязєвська;;32б;;;;building;;;233;;Для індивідуального житлового, гаражного і дачного будівництва;5;Для будівництва і обслуговування житлового будинку, господарських будівель і споруд (присадибна ділянка);manual;central;;central;borehole;central;paved;gentle;dry;panoramic;yes;TRUE
146;69119133710;single;TRUE;1;8000000000:82:189:0003;;"SRID=4326;POINT(30.555055 50.410741)";50.410741;30.555055;rooftop;manual;UA;м. Київ;UA80000000000093317;;;;;місто;Київ;UA80000000000093317;Печерський;UA80000000000624772;вулиця;Дубенська;;17;;;;building;;;971;;Для індивідуального житлового, гаражного і дачного будівництва;5;Для будівництва і обслуговування житлового будинку, господарських будівель і споруд (присадибна ділянка);manual;central;;central;central;central;paved;flat;dry;none;yes;TRUE
147;42748278830;single;TRUE;1;8000000000:82:189:0065;;"SRID=4326;POINT(30.557808 50.410019)";50.410019;30.557808;rooftop;manual;UA;м. Київ;UA80000000000093317;;;;;місто;Київ;UA80000000000093317;Печерський;UA80000000000624772;вулиця;Миколи Гастелло;;3;;;;building;;;1000;;Для індивідуального житлового, гаражного і дачного будівництва;5;Для будівництва і обслуговування житлового будинку, господарських будівель і споруд (присадибна ділянка);manual;central;;central;central;central;paved;flat;dry;panoramic;yes;TRUE
148;1874927390;single;TRUE;1;8000000000:82:135:0007;;"SRID=4326;POINT(30.556549 50.408145)";50.408145;30.556549;rooftop;manual;UA;м. Київ;UA80000000000093317;;;;;місто;Київ;UA80000000000093317;Печерський;UA80000000000624772;вулиця;Буслівська;;6;;;;building;;;794;;Для індивідуального житлового, гаражного і дачного будівництва;5;Для будівництва і обслуговування житлового будинку, господарських будівель і споруд (присадибна ділянка);manual;central;;central;central;central;paved;flat;dry;none;yes;TRUE
149;21848428010;single;TRUE;1;8000000000:62:107:0003;;"SRID=4326;POINT(30.591499 50.523002)";50.523002;30.591499;rooftop;manual;UA;м. Київ;UA80000000000093317;;;;;місто;Київ;UA80000000000093317;Деснянський;UA80000000000336424;вулиця;Щорса;;1а;;;;building;;;1000;02.Січ;Для будівництва і обслуговування житлового будинку, господарських будівель і споруд (присадибна ділянка);5;Для будівництва і обслуговування житлового будинку, господарських будівель і споруд (присадибна ділянка);manual;central;30;central;central;central;unpaved;flat;dry;none;yes;TRUE
150;6968729700;single;TRUE;1;8000000000:62:118:0018;;"SRID=4326;POINT(30.58904 50.514093)";50.514093;30.58904;rooftop;manual;UA;м. Київ;UA80000000000093317;;;;;місто;Київ;UA80000000000093317;Деснянський;UA80000000000336424;вулиця;Кірова;;16ж;;;;building;;;1000;;Для індивідуального житлового, гаражного і дачного будівництва;5;Для будівництва і обслуговування житлового будинку, господарських будівель і споруд (присадибна ділянка);manual;central;;central;borehole;septic;unpaved;flat;dry;none;yes;TRUE
151;14583027040;single;TRUE;1;8000000000:78:407:0019;;"SRID=4326;POINT(30.476758 50.548054)";50.548054;30.476758;rooftop;manual;UA;м. Київ;UA80000000000093317;;;;;місто;Київ;UA80000000000093317;Оболонський;UA80000000000551439 ;вулиця;1-Лінія;;18;;;;building;Чорнобилець;;1000;;Житлових, житлово-будівельних, гаражно і дачно-будівельних кооперативів;5;Для будівництва і обслуговування житлового будинку, господарських будівель і споруд (присадибна ділянка);manual;central;20;central;borehole;septic;unpaved;flat;dry;water_view;yes;TRUE
152;90444628490;single;TRUE;1;8000000000:91:262:0071;;"SRID=4326;POINT(30.44913 50.48217)";50.48217;30.44913;rooftop;manual;UA;м. Київ;UA80000000000093317;;;;;місто;Київ;UA80000000000093317;Шевченківський;UA80000000001078669;вулиця;Бакинська;;33/2;;;;building;;;368;02.Січ;Для будівництва і обслуговування житлового будинку, господарських будівель і споруд (присадибна ділянка);5;Для будівництва і обслуговування житлового будинку, господарських будівель і споруд (присадибна ділянка);manual;central;;central;central;central;paved;flat;dry;none;yes;TRUE
153;13112069180;single;TRUE;1;8000000000:88:026:0077;;"SRID=4326;POINT(30.423483 50.467616)";50.467616;30.423483;rooftop;manual;UA;м. Київ;UA80000000000093317;;;;;місто;Київ;UA80000000000093317;Шевченківський;UA80000000001078669;вулиця;Черкаська;;4;;;;building;;;700;02.Січ;Для будівництва і обслуговування житлового будинку, господарських будівель і споруд (присадибна ділянка);5;Для будівництва і обслуговування житлового будинку, господарських будівель і споруд (присадибна ділянка);manual;central;;by_street;central;central;unpaved;steep;dry;none;yes;TRUE
154;55609184780;single;TRUE;1;8000000000:91:023:0009;;"SRID=4326;POINT(30.429201 50.472288)";50.472288;30.429201;rooftop;manual;UA;м. Київ;UA80000000000093317;;;;;місто;Київ;UA80000000000093317;Шевченківський;UA80000000001078669;вулиця;Магістральна;;45;;;;land_plot;;;699;;Для індивідуального житлового, гаражного і дачного будівництва;5;Для будівництва і обслуговування житлового будинку, господарських будівель і споруд (присадибна ділянка);manual;by street;;by_street;by street;by street;unpaved;steep;dry;none;no;FALSE
